{"cameraMode":{"drawMode":0,"name":"Shaded","section":"Shading Mode"},"sceneLighting":true,"audioPlay":false,"sceneViewState":{"m_AlwaysRefresh":false,"showFog":true,"showSkybox":true,"showFlares":true,"showImageEffects":true,"showParticleSystems":true,"showVisualEffectGraphs":true,"m_FxEnabled":true},"in2DMode":false,"pivot":{"x":61.98716735839844,"y":2.231569766998291,"z":-14.298492431640625},"rotation":{"x":-0.0437658354640007,"y":-0.036858752369880679,"z":0.0016305547906085849,"w":-0.9983808994293213},"size":44.663612365722659,"orthographic":false}